{"cameraMode":{"drawMode":0,"name":"Shaded","section":"Shading Mode"},"sceneLighting":false,"audioPlay":false,"sceneViewState":{"showFog":false,"showMaterialUpdate":false,"showSkybox":false,"showFlares":false,"showImageEffects":false,"showParticleSystems":false},"in2DMode":false,"pivot":{"x":-6.658318519592285,"y":-10.284103393554688,"z":9.171285629272461},"rotation":{"x":-0.2755044102668762,"y":0.41335171461105349,"z":-0.1327771693468094,"w":-0.8576798439025879},"size":2.388824701309204,"orthographic":false}