{"cameraMode":{"drawMode":0,"name":"Shaded","section":"Shading Mode"},"sceneLighting":false,"audioPlay":false,"sceneViewState":{"showFog":false,"showMaterialUpdate":false,"showSkybox":false,"showFlares":false,"showImageEffects":false,"showParticleSystems":false},"in2DMode":false,"pivot":{"x":0.03163160756230354,"y":-0.15500003099441529,"z":0.24924777448177339},"rotation":{"x":-0.2519640326499939,"y":0.6129160523414612,"z":-0.21530196070671082,"w":-0.7172859311103821},"size":0.9205796718597412,"orthographic":false}