{"cameraMode":{"drawMode":0,"name":"Shaded","section":"Shading Mode"},"sceneLighting":true,"audioPlay":false,"sceneViewState":{"showFog":true,"showMaterialUpdate":true,"showSkybox":true,"showFlares":true,"showImageEffects":true,"showParticleSystems":true},"in2DMode":false,"pivot":{"x":-0.9496966004371643,"y":1.3975025415420533,"z":-1.1812223196029664},"rotation":{"x":0.026036404073238374,"y":0.16419480741024018,"z":-0.004335434176027775,"w":0.9860751628875732},"size":1.6262445449829102,"orthographic":false}