{"cameraMode":{"drawMode":1,"name":"Wireframe","section":"Shading Mode"},"sceneLighting":true,"audioPlay":false,"sceneViewState":{"showFog":true,"showMaterialUpdate":true,"showSkybox":true,"showFlares":true,"showImageEffects":true,"showParticleSystems":true},"in2DMode":false,"pivot":{"x":1.5282336473464966,"y":0.043790459632873538,"z":-0.38371792435646059},"rotation":{"x":-0.0143733536824584,"y":0.8113027215003967,"z":-0.5841092467308044,"w":-0.019963491708040239},"size":1.3505915403366089,"orthographic":false}