{"cameraMode":{"drawMode":0,"name":"Shaded","section":"Shading Mode"},"sceneLighting":false,"audioPlay":false,"sceneViewState":{"showFog":false,"showMaterialUpdate":false,"showSkybox":false,"showFlares":false,"showImageEffects":false,"showParticleSystems":false},"in2DMode":false,"pivot":{"x":-0.2253585159778595,"y":1.463212013244629,"z":0.3747873902320862},"rotation":{"x":-0.07682530581951142,"y":0.26645737886428835,"z":-0.02130783349275589,"w":-0.9605479836463928},"size":0.43818241357803347,"orthographic":false}