{"cameraMode":{"drawMode":0,"name":"Shaded","section":"Shading Mode"},"sceneLighting":false,"audioPlay":false,"sceneViewState":{"showFog":false,"showMaterialUpdate":false,"showSkybox":false,"showFlares":false,"showImageEffects":false,"showParticleSystems":false},"in2DMode":false,"pivot":{"x":1.584063172340393,"y":0.08550669252872467,"z":0.827141284942627},"rotation":{"x":-0.029145319014787675,"y":0.5345051884651184,"z":-0.01844802498817444,"w":-0.8444658517837524},"size":2.6131908893585207,"orthographic":false}