{"cameraMode":{"drawMode":0,"name":"Shaded","section":"Shading Mode"},"sceneLighting":true,"audioPlay":false,"sceneViewState":{"showFog":false,"showMaterialUpdate":false,"showSkybox":false,"showFlares":false,"showImageEffects":false,"showParticleSystems":false},"in2DMode":false,"pivot":{"x":1.8789124488830567,"y":0.925387978553772,"z":-0.46691784262657168},"rotation":{"x":-0.10277272015810013,"y":0.34512293338775637,"z":-0.03804837539792061,"w":-0.9321421384811401},"size":4.701361179351807,"orthographic":false}