{"cameraMode":{"drawMode":0,"name":"Shaded","section":"Shading Mode"},"sceneLighting":false,"audioPlay":false,"sceneViewState":{"showFog":true,"showMaterialUpdate":true,"showSkybox":false,"showFlares":true,"showImageEffects":true,"showParticleSystems":true},"in2DMode":false,"pivot":{"x":-0.032431647181510928,"y":-0.15445002913475038,"z":0.2495478093624115},"rotation":{"x":0.0038692960515618326,"y":0.9954850077629089,"z":-0.08262478560209274,"w":0.04662353917956352},"size":2.7213752269744875,"orthographic":false}