{"cameraMode":{"drawMode":0,"name":"Shaded","section":"Shading Mode"},"sceneLighting":false,"audioPlay":false,"sceneViewState":{"showFog":false,"showMaterialUpdate":false,"showSkybox":false,"showFlares":false,"showImageEffects":false,"showParticleSystems":false},"in2DMode":false,"pivot":{"x":0.11496980488300324,"y":1.7598249912261963,"z":0.14930741488933564},"rotation":{"x":0.09545206278562546,"y":0.8366921544075012,"z":0.15458087623119355,"w":-0.516670823097229},"size":0.4757955074310303,"orthographic":false}