{"cameraMode":{"drawMode":0,"name":"Shaded","section":"Shading Mode"},"sceneLighting":true,"audioPlay":false,"sceneViewState":{"showFog":true,"showMaterialUpdate":true,"showSkybox":true,"showFlares":true,"showImageEffects":true,"showParticleSystems":true},"in2DMode":false,"pivot":{"x":-0.2319900095462799,"y":2.3121113777160646,"z":-0.15839147567749024},"rotation":{"x":-0.029729703441262246,"y":-0.753414511680603,"z":0.03417257219552994,"w":-0.6560044288635254},"size":3.205275297164917,"orthographic":false}