{"cameraMode":{"drawMode":0,"name":"Shaded","section":"Shading Mode"},"sceneLighting":true,"audioPlay":false,"sceneViewState":{"showFog":true,"showMaterialUpdate":true,"showSkybox":true,"showFlares":true,"showImageEffects":true,"showParticleSystems":true},"in2DMode":false,"pivot":{"x":1.6868242025375367,"y":1.4302701950073243,"z":-0.05457639694213867},"rotation":{"x":0.0038692960515618326,"y":0.9954850077629089,"z":-0.08262478560209274,"w":0.04662353917956352},"size":2.857884645462036,"orthographic":false}